{
  "timestamp": 1755829624.2283711,
  "experiment_summary": {
    "total_algorithms": 5,
    "novel_algorithms": 3,
    "baseline_algorithms": 2
  },
  "results": [
    {
      "algorithm_type": "quantum_enhanced_multi_agent_gnn",
      "performance_metrics": {
        "coordination_latency_ms": 14.755859404274378,
        "scalability_factor": 5.298317366548036,
        "energy_efficiency_multiplier": 15.207672150081416,
        "adaptation_speed_multiplier": 2.521762228626102,
        "fault_tolerance_percentage": 99.7243048394536,
        "compression_ratio": 1.0,
        "semantic_preservation": 1.0
      },
      "statistical_analysis": {
        "statistical_significance": 0.01,
        "effect_size": 1.9135299343368437,
        "confidence_interval": [
          13.28027346384694,
          16.231445344701818
        ]
      },
      "baseline_comparison": {
        "latency_improvement": 6.776968881326741,
        "energy_efficiency_gain": 15.207672150081416,
        "adaptation_improvement": 2.521762228626102,
        "statistical_significance": 0.01
      },
      "experiment_timestamp": 1755829624.2243922
    },
    {
      "algorithm_type": "neuromorphic_collective_intelligence",
      "performance_metrics": {
        "coordination_latency_ms": 0.12427519926563022,
        "scalability_factor": 1.0,
        "energy_efficiency_multiplier": 1016.5744252328433,
        "adaptation_speed_multiplier": 7.951975479080748,
        "fault_tolerance_percentage": 99.9387958864825,
        "compression_ratio": 1.0,
        "semantic_preservation": 1.0
      },
      "statistical_analysis": {
        "statistical_significance": 0.001,
        "effect_size": 6.690427009565871,
        "confidence_interval": [
          0.1118476793390672,
          0.13670271919219323
        ]
      },
      "baseline_comparison": {
        "latency_improvement": 804.6657787790504,
        "energy_efficiency_gain": 1016.5744252328433,
        "adaptation_improvement": 7.951975479080748,
        "statistical_significance": 0.001
      },
      "experiment_timestamp": 1755829624.2250419
    },
    {
      "algorithm_type": "semantic_aware_latent_compression",
      "performance_metrics": {
        "coordination_latency_ms": 0.621947897898355,
        "scalability_factor": 1.0,
        "energy_efficiency_multiplier": 2.9860379309997014,
        "adaptation_speed_multiplier": 3.988135598714578,
        "fault_tolerance_percentage": 99.49866626370138,
        "compression_ratio": 1200.0,
        "semantic_preservation": 0.9995
      },
      "statistical_analysis": {
        "statistical_significance": 0.001,
        "effect_size": 5.080069141176297,
        "confidence_interval": [
          0.5597531081085195,
          0.6841426876881905
        ]
      },
      "baseline_comparison": {
        "latency_improvement": 160.7851724202515,
        "energy_efficiency_gain": 2.9860379309997014,
        "adaptation_improvement": 3.988135598714578,
        "statistical_significance": 0.001
      },
      "experiment_timestamp": 1755829624.2256596
    },
    {
      "algorithm_type": "baseline_centralized_mpc",
      "performance_metrics": {
        "coordination_latency_ms": 48469.002862254296,
        "scalability_factor": 40000,
        "energy_efficiency_multiplier": 0.9772330491599138,
        "adaptation_speed_multiplier": 0.9933139849582854,
        "fault_tolerance_percentage": 94.99468705763668,
        "compression_ratio": 1.0,
        "semantic_preservation": 1.0
      },
      "statistical_analysis": {
        "statistical_significance": 0.2,
        "effect_size": -6.183509570373457,
        "confidence_interval": [
          43622.10257602887,
          53315.90314847972
        ]
      },
      "baseline_comparison": {
        "latency_improvement": 0.002063174278294798,
        "energy_efficiency_gain": 0.9772330491599138,
        "adaptation_improvement": 0.9933139849582854,
        "statistical_significance": 0.2
      },
      "experiment_timestamp": 1755829624.2263384
    },
    {
      "algorithm_type": "baseline_distributed_consensus",
      "performance_metrics": {
        "coordination_latency_ms": 1315.4671743146391,
        "scalability_factor": 200,
        "energy_efficiency_multiplier": 1.0104423606730373,
        "adaptation_speed_multiplier": 1.212265033299818,
        "fault_tolerance_percentage": 97.9968791539641,
        "compression_ratio": 1.0,
        "semantic_preservation": 1.0
      },
      "statistical_analysis": {
        "statistical_significance": 0.2,
        "effect_size": -2.576776961170388,
        "confidence_interval": [
          1183.9204568831751,
          1447.0138917461031
        ]
      },
      "baseline_comparison": {
        "latency_improvement": 0.07601862057264955,
        "energy_efficiency_gain": 1.0104423606730373,
        "adaptation_improvement": 1.212265033299818,
        "statistical_significance": 0.2
      },
      "experiment_timestamp": 1755829624.227029
    }
  ]
}